{"trial_00": {"mae": 0.3436497468194146, "ssim": -0.06107736849056416, "hist": 0.354}, "trial_01": {"mae": 0.42927540240352274, "ssim": -0.13192889537300956, "hist": 0.2}, "trial_02": {"mae": 0.3493420120235517, "ssim": -0.06868741920920696, "hist": 0.415}, "trial_03": {"mae": 0.307785891179517, "ssim": 0.15199228519073474, "hist": 0.895}, "trial_04": {"mae": 0.30448993532276697, "ssim": 0.2091456640314519, "hist": 0.892}, "trial_05": {"mae": 0.2809520294762201, "ssim": 0.19612972812140933, "hist": 0.952}, "trial_06": {"mae": 0.2992423577266945, "ssim": 0.10704413855944041, "hist": 0.801}, "trial_07": {"mae": 0.3446372277698228, "ssim": 0.04600412428458818, "hist": 0.725}, "trial_08": {"mae": 0.2859251421834543, "ssim": 0.1996038832566036, "hist": 0.915}, "trial_09": {"mae": 0.4170957600662508, "ssim": -0.12315773697037218, "hist": 0.161}, "trial_10": {"mae": 0.33096700546345675, "ssim": 0.07798682271957816, "hist": 0.746}, "trial_11": {"mae": 0.29465012266834845, "ssim": 0.29181176344275234, "hist": 0.92}, "trial_12": {"mae": 0.4028915850667041, "ssim": -0.0922481905491214, "hist": 0.323}, "trial_13": {"mae": 0.3109828719242061, "ssim": 0.21281531656812416, "hist": 0.867}, "trial_14": {"mae": 0.29931741416891927, "ssim": 0.19412346163141408, "hist": 0.965}, "trial_15": {"mae": 0.5116490506795639, "ssim": -0.1546859799834248, "hist": 0.071}, "trial_16": {"mae": 0.49753344372399555, "ssim": -0.21902724690010664, "hist": -0.036}, "trial_17": {"mae": 0.3439284668200144, "ssim": 0.010194808688307591, "hist": 0.534}, "trial_18": {"mae": 0.4117264555905183, "ssim": -0.11662639698059289, "hist": 0.228}, "trial_19": {"mae": 0.31150072381959576, "ssim": 0.03761533285116952, "hist": 0.628}, "trial_20": {"mae": 0.47619045685542116, "ssim": -0.17804939386563168, "hist": 0.097}, "trial_21": {"mae": 0.2782106256252179, "ssim": 0.24642389218376057, "hist": 0.925}, "trial_22": {"mae": 0.2692641999491349, "ssim": 0.2627605017387523, "hist": 0.944}, "trial_23": {"mae": 0.30445960297837726, "ssim": 0.12453341391679201, "hist": 0.849}, "trial_24": {"mae": 0.28991431028758663, "ssim": 0.17743551509268196, "hist": 0.913}, "trial_25": {"mae": 0.7637426313407946, "ssim": -0.07191166281434243, "hist": -0.171}, "trial_26": {"mae": 0.3925516432086644, "ssim": -0.09185664539709631, "hist": 0.296}, "trial_27": {"mae": 0.3586944771551657, "ssim": -0.04259855555996453, "hist": 0.656}, "trial_28": {"mae": 0.6182987236926918, "ssim": -0.19762716310223652, "hist": -0.125}, "trial_29": {"mae": 0.727517061494648, "ssim": -0.13986992403996132, "hist": -0.151}, "trial_30": {"mae": 0.33195381438028887, "ssim": 0.010790961724474996, "hist": 0.608}, "trial_31": {"mae": 0.4511981745227545, "ssim": 0.12645166947467656, "hist": 0.767}, "trial_32": {"mae": 0.3404181419159355, "ssim": -0.012465050726689051, "hist": 0.521}, "trial_33": {"mae": 0.31350681288859183, "ssim": 0.2583879674197662, "hist": 0.959}, "trial_34": {"mae": 0.31446379140894315, "ssim": 0.14879194974585136, "hist": 0.883}, "trial_35": {"mae": 0.4210841891207576, "ssim": 0.16109762426274024, "hist": 0.78}, "trial_36": {"mae": 0.36833666420674066, "ssim": 0.06920174890781901, "hist": 0.779}, "trial_37": {"mae": 0.31861030630639076, "ssim": 0.024620416154671924, "hist": 0.419}, "trial_38": {"mae": 0.37592317620140736, "ssim": 0.22451465935659015, "hist": 0.828}, "trial_39": {"mae": 0.4493418997838929, "ssim": -0.17412266881706215, "hist": 0.088}, "trial_40": {"mae": 0.3147592512493352, "ssim": 0.2576579014462908, "hist": 0.928}, "trial_41": {"mae": 0.3510924066281091, "ssim": 0.2558157843955012, "hist": 0.82}, "trial_42": {"mae": 0.5343261835949642, "ssim": -0.2018902666788946, "hist": -0.009}, "trial_43": {"mae": 0.3046495937162398, "ssim": 0.2774807000506434, "hist": 0.894}, "trial_44": {"mae": 0.3906481882750446, "ssim": -0.09166070916710613, "hist": 0.267}, "trial_45": {"mae": 0.36633947385585847, "ssim": -0.059039349037441256, "hist": 0.332}, "trial_46": {"mae": 0.35939632347122596, "ssim": -0.0011424281918638228, "hist": 0.555}, "trial_47": {"mae": 0.4705457729638361, "ssim": -0.15805297645341732, "hist": 0.09}, "trial_48": {"mae": 0.3256263130070052, "ssim": 0.11029642266963306, "hist": 0.643}, "trial_49": {"mae": 0.44845524610845505, "ssim": -0.18781852845937083, "hist": 0.121}}