{"trial_00": {"mae": 0.3679290258168659, "ssim": -0.07173421793741579, "hist": 0.398}, "trial_01": {"mae": 0.2808136344826935, "ssim": 0.2616152130197773, "hist": 0.931}, "trial_02": {"mae": 0.30258349695940784, "ssim": 0.061347746066247606, "hist": 0.755}, "trial_03": {"mae": 0.28798597356888894, "ssim": 0.20316446362075158, "hist": 0.85}, "trial_04": {"mae": 0.2884376477002858, "ssim": 0.18577627247637082, "hist": 0.919}, "trial_05": {"mae": 0.3366832777004556, "ssim": 0.22261958002588272, "hist": 0.916}, "trial_06": {"mae": 0.37758677672264446, "ssim": 0.0330883109010097, "hist": 0.22}, "trial_07": {"mae": 0.3088803657820237, "ssim": 0.16016782827262077, "hist": 0.925}, "trial_08": {"mae": 0.5192438477252123, "ssim": 0.0910183678325486, "hist": 0.36}, "trial_09": {"mae": 0.37954234559857003, "ssim": -0.07098551053203495, "hist": 0.397}, "trial_10": {"mae": 0.29553458465788635, "ssim": 0.1654769279477425, "hist": 0.832}, "trial_11": {"mae": 0.32286931701473665, "ssim": 0.044756309838611494, "hist": 0.682}, "trial_12": {"mae": 0.6976043259055155, "ssim": -0.098821911529078, "hist": -0.164}, "trial_13": {"mae": 0.30744666868785175, "ssim": 0.261190950237689, "hist": 0.931}, "trial_14": {"mae": 0.2558404024974998, "ssim": 0.3072100289920978, "hist": 0.938}, "trial_15": {"mae": 0.27485685911803626, "ssim": 0.267513595879572, "hist": 0.948}, "trial_16": {"mae": 0.2768130064878499, "ssim": 0.16945347784532797, "hist": 0.885}, "trial_17": {"mae": 0.4129175661462423, "ssim": 0.1700295023508921, "hist": 0.824}, "trial_18": {"mae": 0.26459223089417633, "ssim": 0.23795118960021114, "hist": 0.939}, "trial_19": {"mae": 0.2636073661745328, "ssim": 0.24227967203299988, "hist": 0.976}, "trial_20": {"mae": 0.3891461288508487, "ssim": -0.08516285388651065, "hist": 0.337}, "trial_21": {"mae": 0.2921670372627381, "ssim": 0.1239805298523323, "hist": 0.474}, "trial_22": {"mae": 0.33128198319166474, "ssim": -0.02419889727945938, "hist": 0.638}, "trial_23": {"mae": 0.258847250538298, "ssim": 0.289351384337572, "hist": 0.944}, "trial_24": {"mae": 0.33520482832855, "ssim": -0.005620299282746661, "hist": 0.628}, "trial_25": {"mae": 0.3309729653347827, "ssim": 0.009828224718097757, "hist": 0.661}, "trial_26": {"mae": 0.3709813109371895, "ssim": -0.10199723357783702, "hist": 0.345}, "trial_27": {"mae": 0.25970265423962435, "ssim": 0.274851210530856, "hist": 0.913}, "trial_28": {"mae": 0.4155496204564703, "ssim": -0.1558630992043501, "hist": 0.126}, "trial_29": {"mae": 0.25016766893192904, "ssim": 0.27202593669360603, "hist": 0.983}, "trial_30": {"mae": 0.2522796115774071, "ssim": 0.2669601988935096, "hist": 0.967}, "trial_31": {"mae": 0.2983471555756227, "ssim": 0.10234433484593572, "hist": 0.839}, "trial_32": {"mae": 0.4286141761191349, "ssim": -0.20662163155740368, "hist": 0.074}, "trial_33": {"mae": 0.2581311119618254, "ssim": 0.2556193816756883, "hist": 0.951}, "trial_34": {"mae": 0.2705261612756715, "ssim": 0.21640874391074438, "hist": 0.943}, "trial_35": {"mae": 0.4254999933613652, "ssim": -0.16393757753894564, "hist": 0.044}, "trial_36": {"mae": 0.25801061769017114, "ssim": 0.24131227888876072, "hist": 0.928}, "trial_37": {"mae": 0.3243789961654643, "ssim": 0.03303018446444455, "hist": 0.646}, "trial_38": {"mae": 0.2694168644814053, "ssim": 0.24882777597586306, "hist": 0.977}, "trial_39": {"mae": 0.2636313799741687, "ssim": 0.29678182060136155, "hist": 0.929}, "trial_40": {"mae": 0.32417040330792285, "ssim": 0.08992198936796378, "hist": 0.771}, "trial_41": {"mae": 0.3600890067663177, "ssim": -0.10781632707031936, "hist": 0.285}, "trial_42": {"mae": 0.27059798767267906, "ssim": 0.24175975562878435, "hist": 0.926}, "trial_43": {"mae": 0.3285955265960339, "ssim": -0.01988598697056285, "hist": 0.344}, "trial_44": {"mae": 0.2902373940713518, "ssim": 0.25420090989275873, "hist": 0.985}, "trial_45": {"mae": 0.5168701550128797, "ssim": 0.09161290751540088, "hist": 0.367}, "trial_46": {"mae": 0.26477740272106387, "ssim": 0.2566737368513211, "hist": 0.919}, "trial_47": {"mae": 0.2921660008108346, "ssim": 0.09870966003220837, "hist": 0.8}, "trial_48": {"mae": 0.29987223099305044, "ssim": 0.05640442482267493, "hist": 0.536}, "trial_49": {"mae": 0.3413349554800115, "ssim": -0.02915174765338135, "hist": 0.614}}