{"trial_00": {"mae": 0.41956223337483434, "ssim": 0.16110915256851172, "hist": -0.051}, "trial_01": {"mae": 0.4513311851473473, "ssim": 0.1143418905724291, "hist": 0.048}, "trial_02": {"mae": 0.7470790452333156, "ssim": -0.09955011896642721, "hist": -0.103}, "trial_03": {"mae": 0.9243286667013306, "ssim": -0.06469412309895364, "hist": -0.072}, "trial_04": {"mae": 0.8635221792613276, "ssim": -0.1100235236959876, "hist": -0.169}, "trial_05": {"mae": 0.5189655825932351, "ssim": 0.09312496796794834, "hist": 0.29}, "trial_06": {"mae": 0.8176430951749868, "ssim": -0.05238337100577034, "hist": -0.047}, "trial_07": {"mae": 0.519043479167651, "ssim": 0.09318119825471327, "hist": 0.291}, "trial_08": {"mae": 0.4423182631976061, "ssim": -0.132517235834793, "hist": -0.369}, "trial_09": {"mae": 0.9896920649680212, "ssim": -0.05984188865887506, "hist": -0.101}, "trial_10": {"mae": 0.5996474578784886, "ssim": 0.08798563363009056, "hist": 0.516}, "trial_11": {"mae": 0.8611829644684197, "ssim": -0.08199956812320032, "hist": -0.143}, "trial_12": {"mae": 0.5187706522599216, "ssim": 0.09325109621649885, "hist": 0.289}, "trial_13": {"mae": 0.5256265538797633, "ssim": -0.1904128888656867, "hist": -0.437}, "trial_14": {"mae": 0.7293679558335394, "ssim": -0.11243238000148832, "hist": -0.07}, "trial_15": {"mae": 0.7306339260200561, "ssim": -0.08516110771500879, "hist": -0.152}, "trial_16": {"mae": 0.5246054726984166, "ssim": 0.09103630507144016, "hist": 0.627}, "trial_17": {"mae": 0.3744669690419261, "ssim": 0.23129017750656555, "hist": 0.653}, "trial_18": {"mae": 0.5193495494649608, "ssim": 0.09310295140311634, "hist": 0.292}, "trial_19": {"mae": 0.4726660922451207, "ssim": -0.13943684916424479, "hist": -0.369}, "trial_20": {"mae": 0.48985470941799475, "ssim": -0.19365971427036188, "hist": -0.256}, "trial_21": {"mae": 0.5915924027906948, "ssim": 0.06570174744226501, "hist": 0.747}, "trial_22": {"mae": 0.565017136551421, "ssim": 0.08771729154514935, "hist": 0.317}, "trial_23": {"mae": 0.6637234538118041, "ssim": -0.08125448470374491, "hist": -0.101}, "trial_24": {"mae": 0.4356583726631018, "ssim": 0.09846445656407124, "hist": 0.75}, "trial_25": {"mae": 0.6402396146303687, "ssim": 0.055258400502980774, "hist": 0.445}, "trial_26": {"mae": 0.5195634768355998, "ssim": 0.09304837795209286, "hist": 0.293}, "trial_27": {"mae": 0.5131263368049305, "ssim": -0.15493064184634453, "hist": -0.284}, "trial_28": {"mae": 0.5044606824231431, "ssim": -0.15774898133773776, "hist": -0.194}, "trial_29": {"mae": 0.3614260534631562, "ssim": 0.2785761882849097, "hist": 0.633}, "trial_30": {"mae": 0.9102384742268809, "ssim": -0.07532412704117279, "hist": -0.082}, "trial_31": {"mae": 0.5458618801994338, "ssim": -0.16760196108313316, "hist": 0.021}, "trial_32": {"mae": 0.4212414119817913, "ssim": -0.011898593388548317, "hist": -0.046}, "trial_33": {"mae": 0.518944650413205, "ssim": 0.09325482014501466, "hist": 0.293}, "trial_34": {"mae": 0.5106008272300394, "ssim": -0.20543876944691583, "hist": -0.309}, "trial_35": {"mae": 0.6064734780140472, "ssim": -0.13438086096338653, "hist": -0.27}, "trial_36": {"mae": 0.7255864939925323, "ssim": -0.09606933367949914, "hist": -0.025}, "trial_37": {"mae": 0.46202910126576247, "ssim": -0.14790647794385642, "hist": -0.223}, "trial_38": {"mae": 0.5193681893906211, "ssim": 0.09309818978848831, "hist": 0.292}, "trial_39": {"mae": 0.88634094927387, "ssim": -0.07282160269300329, "hist": -0.11}, "trial_40": {"mae": 0.5193136918989493, "ssim": 0.0931121124940092, "hist": 0.291}, "trial_41": {"mae": 0.4242701003381013, "ssim": -0.08574239609106304, "hist": -0.302}, "trial_42": {"mae": 0.7518161495313633, "ssim": -0.1027071284412317, "hist": -0.133}, "trial_43": {"mae": 0.5467846127174488, "ssim": 0.07608330081374998, "hist": 0.801}, "trial_44": {"mae": 0.6369117566899449, "ssim": -0.1511252903069832, "hist": -0.234}, "trial_45": {"mae": 0.7668378182872164, "ssim": -0.10471691525286261, "hist": -0.148}, "trial_46": {"mae": 0.3965574782281068, "ssim": 0.20909470597883817, "hist": -0.092}, "trial_47": {"mae": 0.48044456409106034, "ssim": 0.11396135665087949, "hist": 0.392}, "trial_48": {"mae": 0.5998732653385822, "ssim": -0.18036339527545925, "hist": -0.342}, "trial_49": {"mae": 0.4777994322607003, "ssim": 0.10405467268667695, "hist": 0.247}}