{"trial_00": {"mae": 0.6892253688355082, "ssim": 0.00927747383023317, "hist": 0.718}, "trial_01": {"mae": 0.6924079951683424, "ssim": 0.005063012473372212, "hist": 0.718}, "trial_02": {"mae": 0.6273600032630008, "ssim": 0.014926370606293687, "hist": 0.721}, "trial_03": {"mae": 0.7108193658003691, "ssim": 0.005173418405289607, "hist": 0.717}, "trial_04": {"mae": 0.6953012578405652, "ssim": 0.0036600201865957076, "hist": 0.718}, "trial_05": {"mae": 0.6127629768934703, "ssim": 0.020579152039636374, "hist": 0.735}, "trial_06": {"mae": 0.6420978926356957, "ssim": 0.013941459270677367, "hist": 0.72}, "trial_07": {"mae": 0.5712212588165165, "ssim": 0.047336516567582296, "hist": 0.834}, "trial_08": {"mae": 0.6274362227676784, "ssim": 0.019375740074112136, "hist": 0.73}, "trial_09": {"mae": 0.6951045188182863, "ssim": 0.007886085432289082, "hist": 0.718}, "trial_10": {"mae": 0.6854831232159921, "ssim": 0.00879910488083988, "hist": 0.718}, "trial_11": {"mae": 0.686096837737716, "ssim": 0.0070459316796986325, "hist": 0.718}, "trial_12": {"mae": 0.72582381661855, "ssim": 0.004991882265821089, "hist": -0.265}, "trial_13": {"mae": 0.7087710211064833, "ssim": 0.0042938272574278265, "hist": 0.717}, "trial_14": {"mae": 0.5673889878797047, "ssim": 0.04635039112427846, "hist": 0.829}, "trial_15": {"mae": 0.7121524220796586, "ssim": 0.005567993320130921, "hist": 0.717}, "trial_16": {"mae": 0.6805758972841203, "ssim": 0.0028692906288590963, "hist": 0.717}, "trial_17": {"mae": 0.6712101127831585, "ssim": 0.009206406141575215, "hist": 0.718}, "trial_18": {"mae": 0.6368760354583899, "ssim": 0.01652291070024011, "hist": 0.723}, "trial_19": {"mae": 0.6929342562957361, "ssim": 0.006891007650191567, "hist": 0.718}, "trial_20": {"mae": 0.7046245259033646, "ssim": 0.011136973405188159, "hist": 0.719}, "trial_21": {"mae": 0.6648513625279895, "ssim": 0.007778231393923015, "hist": 0.719}, "trial_22": {"mae": 0.49149051874399025, "ssim": 0.09812893449919953, "hist": 0.355}, "trial_23": {"mae": 0.6853308526481661, "ssim": 0.008449637706493734, "hist": 0.718}, "trial_24": {"mae": 0.6657720038896973, "ssim": 0.00923273840422428, "hist": 0.719}, "trial_25": {"mae": 0.6953593600771821, "ssim": 0.009662815851796248, "hist": 0.719}, "trial_26": {"mae": 0.6808988112786365, "ssim": 0.0070891728036254955, "hist": 0.718}, "trial_27": {"mae": 0.6409672122053062, "ssim": 0.02852695827391797, "hist": 0.753}, "trial_28": {"mae": 0.7235439830336602, "ssim": 0.0036955301752015102, "hist": 0.694}, "trial_29": {"mae": 0.4196627078467666, "ssim": 0.14561944320839015, "hist": 0.292}, "trial_30": {"mae": 0.6594983867197427, "ssim": 0.009379291559095655, "hist": 0.719}, "trial_31": {"mae": 0.7346301561535359, "ssim": 0.003998160985195757, "hist": -0.435}, "trial_32": {"mae": 0.6623353144549136, "ssim": 0.010258905303593666, "hist": 0.719}, "trial_33": {"mae": 0.3981613729766405, "ssim": 0.1990549227264155, "hist": 0.272}, "trial_34": {"mae": 0.6772715165653805, "ssim": 0.01170666579569409, "hist": 0.723}, "trial_35": {"mae": 0.6916951903771715, "ssim": 0.007516063055240993, "hist": 0.719}, "trial_36": {"mae": 0.5442690753692877, "ssim": 0.058628711883402296, "hist": 0.856}, "trial_37": {"mae": 0.6934208827441066, "ssim": 0.006922310717763475, "hist": 0.718}, "trial_38": {"mae": 0.6956489951061732, "ssim": 0.0045064202026225495, "hist": 0.717}, "trial_39": {"mae": 0.5805742360626611, "ssim": 0.04361785460917419, "hist": 0.812}, "trial_40": {"mae": 0.6643409611039695, "ssim": 0.012647363346842806, "hist": 0.719}, "trial_41": {"mae": 0.5620189654795116, "ssim": 0.03643807054734981, "hist": 0.828}, "trial_42": {"mae": 0.6243622671539669, "ssim": 0.014573429579914072, "hist": 0.723}, "trial_43": {"mae": 0.6686257020153533, "ssim": 0.009517362419576162, "hist": 0.719}, "trial_44": {"mae": 0.6625702334972271, "ssim": 0.008830336701875241, "hist": 0.717}, "trial_45": {"mae": 0.6755141855436727, "ssim": 0.004818529744144271, "hist": 0.717}, "trial_46": {"mae": 0.49242375294718316, "ssim": 0.09779557286947137, "hist": 0.357}, "trial_47": {"mae": 0.6690644106476716, "ssim": 0.006383906647394463, "hist": 0.717}, "trial_48": {"mae": 0.6659089000311302, "ssim": 0.004997396686143465, "hist": 0.718}, "trial_49": {"mae": 0.6703839456202434, "ssim": 0.007158632099295487, "hist": 0.719}}