{"trial_00": {"mae": 0.3208791446273996, "ssim": 0.06077085362183573, "hist": 0.098}, "trial_01": {"mae": 0.39443546414989505, "ssim": -0.10988379348207583, "hist": 0.329}, "trial_02": {"mae": 0.6357906562087454, "ssim": -0.17597020853512774, "hist": -0.095}, "trial_03": {"mae": 0.35139045066584823, "ssim": 0.2532759917021911, "hist": 0.854}, "trial_04": {"mae": 0.4986101499689524, "ssim": 0.09351275076763435, "hist": 0.35}, "trial_05": {"mae": 0.5283266369652185, "ssim": -0.23034268587738538, "hist": -0.036}, "trial_06": {"mae": 0.614912693853048, "ssim": -0.16057714530473038, "hist": -0.091}, "trial_07": {"mae": 0.31939364933701125, "ssim": 0.003228328424211025, "hist": 0.536}, "trial_08": {"mae": 0.7228460003125378, "ssim": -0.07628125022184014, "hist": -0.083}, "trial_09": {"mae": 0.3543971911367097, "ssim": -0.15260148389328443, "hist": 0.116}, "trial_10": {"mae": 0.31923768082101656, "ssim": 0.16352946010240266, "hist": 0.533}, "trial_11": {"mae": 0.33117839577572683, "ssim": 0.27699091064219883, "hist": 0.725}, "trial_12": {"mae": 0.30773270070101566, "ssim": 0.1315264111085878, "hist": 0.755}, "trial_13": {"mae": 0.5538259605136777, "ssim": -0.22666094648925125, "hist": -0.101}, "trial_14": {"mae": 0.2967435162553525, "ssim": 0.14804162065415316, "hist": 0.822}, "trial_15": {"mae": 0.37237456748825676, "ssim": 0.25492300667547135, "hist": 0.647}, "trial_16": {"mae": 0.5031138072412239, "ssim": -0.23277071738330735, "hist": -0.107}, "trial_17": {"mae": 0.434719235793917, "ssim": -0.17069258216544878, "hist": 0.186}, "trial_18": {"mae": 0.2916665657399714, "ssim": 0.23081795041027675, "hist": 0.859}, "trial_19": {"mae": 0.32265712015182607, "ssim": 0.009188444151028178, "hist": 0.683}, "trial_20": {"mae": 0.4146754657964009, "ssim": -0.1783847800528303, "hist": 0.135}, "trial_21": {"mae": 0.2842637926989968, "ssim": 0.31249085555671996, "hist": 0.956}, "trial_22": {"mae": 0.27760323083442257, "ssim": 0.31851242605157365, "hist": 0.958}, "trial_23": {"mae": 0.7936539473942553, "ssim": -0.12483556021503107, "hist": -0.171}, "trial_24": {"mae": 0.34953751027184077, "ssim": 0.23719129983594497, "hist": 0.942}, "trial_25": {"mae": 0.5276600835119692, "ssim": -0.20296964400090137, "hist": -0.023}, "trial_26": {"mae": 0.29158784982193575, "ssim": 0.25514095675592663, "hist": 0.916}, "trial_27": {"mae": 0.3571672767038356, "ssim": 0.1672021746862088, "hist": 0.43}, "trial_28": {"mae": 0.27899320415014434, "ssim": 0.3037207456771304, "hist": 0.964}, "trial_29": {"mae": 0.4363346648426085, "ssim": -0.15043060420910248, "hist": 0.24}, "trial_30": {"mae": 0.48861103530530237, "ssim": -0.20380246369542016, "hist": 0.033}, "trial_31": {"mae": 0.5770852506369483, "ssim": -0.19689800653843342, "hist": -0.018}, "trial_32": {"mae": 0.31116761039279145, "ssim": 0.0945651818307771, "hist": 0.443}, "trial_33": {"mae": 0.2911611885888932, "ssim": 0.28832604201089435, "hist": 0.931}, "trial_34": {"mae": 0.3803594808764354, "ssim": -0.10366407061110791, "hist": 0.437}, "trial_35": {"mae": 0.8997822644614744, "ssim": -0.043418505395932894, "hist": -0.078}, "trial_36": {"mae": 0.39732913458626845, "ssim": -0.17985776257995204, "hist": 0.131}, "trial_37": {"mae": 0.26493473680049245, "ssim": 0.3013573693959286, "hist": 0.962}, "trial_38": {"mae": 0.30719744497290863, "ssim": 0.15088890627076984, "hist": 0.463}, "trial_39": {"mae": 0.38447279603207807, "ssim": -0.17882305417332392, "hist": 0.17}, "trial_40": {"mae": 0.2682106420583976, "ssim": 0.2059312550466751, "hist": 0.89}, "trial_41": {"mae": 0.35393436143723694, "ssim": 0.2540557723352162, "hist": 0.494}, "trial_42": {"mae": 0.49986216174540987, "ssim": 0.0931380282359317, "hist": 0.351}, "trial_43": {"mae": 0.34730168584458926, "ssim": -0.019700435244222676, "hist": 0.45}, "trial_44": {"mae": 0.2579714751414352, "ssim": 0.26085862104363094, "hist": 0.931}, "trial_45": {"mae": 0.2721076966831604, "ssim": 0.23909827341277343, "hist": 0.716}, "trial_46": {"mae": 0.5242080733086831, "ssim": -0.12385984561882867, "hist": 0.031}, "trial_47": {"mae": 0.5528890837220427, "ssim": -0.1967784362238542, "hist": 0.01}, "trial_48": {"mae": 0.39891446402233127, "ssim": -0.18956129123377594, "hist": 0.053}, "trial_49": {"mae": 0.4530132559996728, "ssim": -0.1894722112368543, "hist": 0.025}}