{"trial_00": {"mae": 0.3747848066977176, "ssim": 0.20053471995135513, "hist": 0.826}, "trial_01": {"mae": 0.6002936937416891, "ssim": -0.09532872747829944, "hist": 0.132}, "trial_02": {"mae": 0.5800683090803445, "ssim": -0.11903433996084221, "hist": 0.082}, "trial_03": {"mae": 0.5319520778205457, "ssim": -0.09985831283638946, "hist": -0.053}, "trial_04": {"mae": 0.46808474492499996, "ssim": 0.0007247076680191216, "hist": 0.739}, "trial_05": {"mae": 0.7145580815266072, "ssim": -0.10320374256094299, "hist": -0.108}, "trial_06": {"mae": 0.7553145031024423, "ssim": -0.10721619519860273, "hist": -0.08}, "trial_07": {"mae": 0.5083362567854433, "ssim": 0.09561864828269777, "hist": 0.344}, "trial_08": {"mae": 0.5597733787461413, "ssim": 0.04775062478564625, "hist": 0.736}, "trial_09": {"mae": 0.5972692839148657, "ssim": -0.1107335491183866, "hist": 0.051}, "trial_10": {"mae": 0.5884233012614815, "ssim": -0.08975482833978476, "hist": 0.099}, "trial_11": {"mae": 0.7666728902428998, "ssim": -0.09107380236856522, "hist": -0.091}, "trial_12": {"mae": 0.5179200199208913, "ssim": -0.08007941751202202, "hist": 0.314}, "trial_13": {"mae": 0.42829013734445287, "ssim": 0.22038560268476054, "hist": 0.294}, "trial_14": {"mae": 0.6294638471270755, "ssim": -0.10014817694438675, "hist": 0.002}, "trial_15": {"mae": 0.775640810827899, "ssim": -0.09571700126460417, "hist": -0.127}, "trial_16": {"mae": 0.5993560702120023, "ssim": -0.08672539022401922, "hist": 0.177}, "trial_17": {"mae": 0.6302293807514524, "ssim": -0.10499995110060344, "hist": -0.012}, "trial_18": {"mae": 0.6313303441389885, "ssim": -0.08357833280194032, "hist": 0.093}, "trial_19": {"mae": 0.44593688157406147, "ssim": 0.109521568540983, "hist": 0.956}, "trial_20": {"mae": 0.49666536711587744, "ssim": 0.01288520426168106, "hist": 0.573}, "trial_21": {"mae": 0.6614478434350866, "ssim": 0.04043313012295861, "hist": 0.097}, "trial_22": {"mae": 0.4587668355499635, "ssim": 0.10039696834801815, "hist": 0.743}, "trial_23": {"mae": 0.4292916974913088, "ssim": 0.17516163806224894, "hist": 0.798}, "trial_24": {"mae": 0.6674503457152143, "ssim": -0.1023025765934324, "hist": 0.021}, "trial_25": {"mae": 0.6860011971717914, "ssim": -0.1233693466516078, "hist": -0.059}, "trial_26": {"mae": 0.6916757116336306, "ssim": -0.07748634047680397, "hist": 0.025}, "trial_27": {"mae": 0.4931050451590363, "ssim": -0.04695333654478381, "hist": 0.454}, "trial_28": {"mae": 0.51423150380644, "ssim": 0.006580964535010706, "hist": 0.549}, "trial_29": {"mae": 0.44027972504670543, "ssim": 0.09831568198373904, "hist": 0.848}, "trial_30": {"mae": 0.6775554774904489, "ssim": -0.08481467033363344, "hist": 0.003}, "trial_31": {"mae": 0.9517619386010282, "ssim": -0.07685717816241623, "hist": -0.112}, "trial_32": {"mae": 0.5137690447420978, "ssim": -0.00531887536461071, "hist": 0.817}, "trial_33": {"mae": 0.38481910172452766, "ssim": 0.1661541234417149, "hist": 0.609}, "trial_34": {"mae": 0.485209774019886, "ssim": 0.011980046371058558, "hist": 0.59}, "trial_35": {"mae": 0.7071051303996468, "ssim": -0.08552842547446712, "hist": -0.055}, "trial_36": {"mae": 0.7474046485760618, "ssim": -0.10187910196050198, "hist": -0.093}, "trial_37": {"mae": 0.7044754713919817, "ssim": -0.11412989182774207, "hist": -0.125}, "trial_38": {"mae": 0.6819068425481415, "ssim": -0.08963517541809643, "hist": -0.025}, "trial_39": {"mae": 0.5035270730656674, "ssim": -0.032937147313929806, "hist": 0.473}, "trial_40": {"mae": 0.7285731124226261, "ssim": -0.11024496820760425, "hist": -0.114}, "trial_41": {"mae": 0.7319193956324336, "ssim": -0.09970698398636076, "hist": -0.048}, "trial_42": {"mae": 0.4112884057920961, "ssim": 0.22282604419757973, "hist": 0.32}, "trial_43": {"mae": 0.7380918703823256, "ssim": -0.0940597886487594, "hist": 0.062}, "trial_44": {"mae": 0.39774950840592244, "ssim": 0.18624233282020172, "hist": 0.946}, "trial_45": {"mae": 0.6527380452211554, "ssim": -0.11632411942092044, "hist": -0.079}, "trial_46": {"mae": 0.7522710647059833, "ssim": -0.08569226241475074, "hist": -0.081}, "trial_47": {"mae": 0.5228988370288739, "ssim": 0.01838724706900208, "hist": 0.529}, "trial_48": {"mae": 0.4898362806293451, "ssim": 0.061328920321345494, "hist": 0.543}, "trial_49": {"mae": 0.563521154853795, "ssim": -0.11682029041860673, "hist": 0.016}}