{"trial_00": {"mae": 0.3696672070095902, "ssim": -0.030629149382529426, "hist": 0.295}, "trial_01": {"mae": 0.29257134825026154, "ssim": 0.28944051506020646, "hist": 0.986}, "trial_02": {"mae": 0.32287263284201523, "ssim": 0.23060918232000072, "hist": 0.941}, "trial_03": {"mae": 0.3897902567376578, "ssim": 0.19455371024635879, "hist": 0.852}, "trial_04": {"mae": 0.3189672927502776, "ssim": 0.1790971278364096, "hist": 0.841}, "trial_05": {"mae": 0.4886410718704734, "ssim": -0.1915058128627989, "hist": -0.111}, "trial_06": {"mae": 0.39841616444344213, "ssim": -0.07957219447308524, "hist": 0.278}, "trial_07": {"mae": 0.33978602831907145, "ssim": 0.19014789717389743, "hist": 0.839}, "trial_08": {"mae": 0.3144143406092856, "ssim": 0.21997645948429545, "hist": 0.881}, "trial_09": {"mae": 0.33215214902235357, "ssim": 0.14529832233819046, "hist": 0.757}, "trial_10": {"mae": 0.33494433852730343, "ssim": 0.16326731738609454, "hist": 0.751}, "trial_11": {"mae": 0.3310152048304073, "ssim": 0.16538887469353722, "hist": 0.769}, "trial_12": {"mae": 0.43224435093715075, "ssim": 0.17353126916562717, "hist": 0.8}, "trial_13": {"mae": 0.5111077480081093, "ssim": 0.08915580863470769, "hist": 0.298}, "trial_14": {"mae": 0.3863824771318035, "ssim": -0.028246384061364326, "hist": 0.409}, "trial_15": {"mae": 0.7023377895596435, "ssim": -0.14961912913910547, "hist": -0.165}, "trial_16": {"mae": 0.31044119276241355, "ssim": 0.23109242097074278, "hist": 0.938}, "trial_17": {"mae": 0.34978863015238776, "ssim": 0.04774607762532494, "hist": 0.624}, "trial_18": {"mae": 0.3902862418145315, "ssim": 0.03842277922052361, "hist": 0.471}, "trial_19": {"mae": 0.3440346949722264, "ssim": 0.24258587049837677, "hist": 0.882}, "trial_20": {"mae": 0.39487629967371857, "ssim": -0.03538486163409769, "hist": 0.236}, "trial_21": {"mae": 0.326499764389968, "ssim": 0.2570730264049694, "hist": 0.601}, "trial_22": {"mae": 0.2967138915823513, "ssim": 0.1958055823277355, "hist": 0.833}, "trial_23": {"mae": 0.3257892279718491, "ssim": 0.06502880371562252, "hist": 0.437}, "trial_24": {"mae": 0.47927166364127693, "ssim": -0.2261537265425636, "hist": -0.099}, "trial_25": {"mae": 0.7072963823409806, "ssim": -0.10264156191845289, "hist": -0.125}, "trial_26": {"mae": 0.3413716895355026, "ssim": 0.11735241549009642, "hist": 0.684}, "trial_27": {"mae": 0.3256086894963445, "ssim": 0.18270232187341773, "hist": 0.819}, "trial_28": {"mae": 0.3455209154453351, "ssim": 0.10720632881518515, "hist": 0.703}, "trial_29": {"mae": 0.379669348201033, "ssim": 0.20062572127516554, "hist": 0.864}, "trial_30": {"mae": 0.3057338406205249, "ssim": 0.25781769929632975, "hist": 0.945}, "trial_31": {"mae": 0.3771653131857378, "ssim": -0.013509758614021141, "hist": 0.355}, "trial_32": {"mae": 0.3710572970323104, "ssim": 0.0380447456262335, "hist": 0.486}, "trial_33": {"mae": 0.40986498941015664, "ssim": -0.10642685060822069, "hist": 0.188}, "trial_34": {"mae": 0.30154765540871364, "ssim": 0.21119762442294027, "hist": 0.906}, "trial_35": {"mae": 0.4111352495328375, "ssim": -0.10901644617876875, "hist": 0.15}, "trial_36": {"mae": 0.3287057723115697, "ssim": 0.25397337635166145, "hist": 0.589}, "trial_37": {"mae": 0.49803929948054215, "ssim": -0.23207859359651153, "hist": -0.092}, "trial_38": {"mae": 0.3105048667337585, "ssim": 0.22383098082058453, "hist": 0.874}, "trial_39": {"mae": 0.3763206884175434, "ssim": -0.012486064685166758, "hist": 0.303}, "trial_40": {"mae": 0.33738853448592204, "ssim": 0.10109578059266201, "hist": 0.695}, "trial_41": {"mae": 0.3154348814041013, "ssim": 0.17947139052461203, "hist": 0.748}, "trial_42": {"mae": 0.32542808001042506, "ssim": 0.15110564446675634, "hist": 0.843}, "trial_43": {"mae": 0.3422247292187304, "ssim": 0.12544215379187693, "hist": 0.489}, "trial_44": {"mae": 0.2975451913515516, "ssim": 0.21506966083791954, "hist": 0.923}, "trial_45": {"mae": 0.3635565311852603, "ssim": 0.14238633847283863, "hist": 0.668}, "trial_46": {"mae": 0.45472405281595835, "ssim": -0.13098584585448136, "hist": 0.083}, "trial_47": {"mae": 0.3285032066079122, "ssim": 0.22405803241642755, "hist": 0.785}, "trial_48": {"mae": 0.34057966887880886, "ssim": 0.17846061752314013, "hist": 0.81}, "trial_49": {"mae": 0.32326974066569075, "ssim": 0.008056739678848766, "hist": 0.252}}