{"trial_00": {"mae": 0.5265390494286073, "ssim": 0.09018326784550262, "hist": 0.254}, "trial_01": {"mae": 0.9280046342094835, "ssim": -0.067939756274262, "hist": -0.087}, "trial_02": {"mae": 0.5280964034723699, "ssim": 0.08980805678180917, "hist": 0.248}, "trial_03": {"mae": 0.44313131856385285, "ssim": 0.14263049932190852, "hist": 0.257}, "trial_04": {"mae": 0.5265152128644899, "ssim": 0.09018904774219069, "hist": 0.253}, "trial_05": {"mae": 0.8003123408065399, "ssim": 0.03622121087133602, "hist": 0.49}, "trial_06": {"mae": 0.5728028542940724, "ssim": -0.14357578158451687, "hist": -0.201}, "trial_07": {"mae": 0.9831167008630898, "ssim": -0.07053613816262756, "hist": -0.111}, "trial_08": {"mae": 0.538925470739688, "ssim": 0.05871036844736265, "hist": 0.677}, "trial_09": {"mae": 0.5262631646630013, "ssim": 0.09025025634618618, "hist": 0.255}, "trial_10": {"mae": 0.8826224621688542, "ssim": -0.07828234484671551, "hist": -0.133}, "trial_11": {"mae": 0.9861251175242101, "ssim": -0.036590333589667956, "hist": -0.133}, "trial_12": {"mae": 0.5276387042480456, "ssim": 0.08173934036963347, "hist": 0.682}, "trial_13": {"mae": 0.8437754365935196, "ssim": -0.09573865872017234, "hist": -0.095}, "trial_14": {"mae": 0.46486069221943455, "ssim": 0.2100839351439483, "hist": 0.464}, "trial_15": {"mae": 0.5266176604609267, "ssim": 0.09016421078448628, "hist": 0.255}, "trial_16": {"mae": 0.8624269567111845, "ssim": -0.10154320266096999, "hist": -0.147}, "trial_17": {"mae": 0.8945173334224243, "ssim": -0.08347976519905329, "hist": -0.101}, "trial_18": {"mae": 0.9711833587890174, "ssim": -0.05342222140927409, "hist": -0.135}, "trial_19": {"mae": 0.41726881257509923, "ssim": 0.22947712817076352, "hist": 0.68}, "trial_20": {"mae": 0.6103773570762531, "ssim": -0.17021475730297694, "hist": -0.245}, "trial_21": {"mae": 0.5786759021002417, "ssim": 0.09867516391149138, "hist": 0.791}, "trial_22": {"mae": 0.5971113085121986, "ssim": 0.07245655412414137, "hist": 0.693}, "trial_23": {"mae": 0.5448411596762122, "ssim": -0.12344136528361359, "hist": -0.413}, "trial_24": {"mae": 0.5277202750091878, "ssim": 0.1574200012964467, "hist": 0.625}, "trial_25": {"mae": 0.5788334667731326, "ssim": -0.04180095558316291, "hist": 0.225}, "trial_26": {"mae": 0.4791701922358628, "ssim": 0.09286087488830908, "hist": 0.473}, "trial_27": {"mae": 0.9152282856528434, "ssim": -0.0705438712387136, "hist": -0.116}, "trial_28": {"mae": 1.117551936573519, "ssim": -0.032337319459737834, "hist": -0.124}, "trial_29": {"mae": 0.4572103392046682, "ssim": 0.008107117892353933, "hist": 0.454}, "trial_30": {"mae": 0.6853893806273883, "ssim": -0.11293419742518727, "hist": -0.106}, "trial_31": {"mae": 0.5258693160853759, "ssim": 0.0903463170755543, "hist": 0.257}, "trial_32": {"mae": 0.8942079502867047, "ssim": -0.05425938988666729, "hist": -0.079}, "trial_33": {"mae": 0.8671452696900598, "ssim": -0.07894645985203878, "hist": -0.087}, "trial_34": {"mae": 1.027925955231903, "ssim": -0.06574224451574395, "hist": -0.115}, "trial_35": {"mae": 0.578469143873789, "ssim": 0.00029814670756946504, "hist": 0.372}, "trial_36": {"mae": 0.5267676667842616, "ssim": 0.09012786534364585, "hist": 0.255}, "trial_37": {"mae": 0.6498170762131543, "ssim": -0.1237625445566575, "hist": -0.072}, "trial_38": {"mae": 1.0273318609139876, "ssim": -0.05499476620128945, "hist": -0.113}, "trial_39": {"mae": 0.7039265035185803, "ssim": -0.15094784069068953, "hist": -0.212}, "trial_40": {"mae": 0.8004211343949545, "ssim": -0.07669434199074332, "hist": -0.004}, "trial_41": {"mae": 0.9060014364623624, "ssim": -0.04437708220371468, "hist": -0.135}, "trial_42": {"mae": 0.7726274039744815, "ssim": -0.10251767651979804, "hist": -0.063}, "trial_43": {"mae": 0.4487983358741606, "ssim": 0.14193133986945744, "hist": 0.693}, "trial_44": {"mae": 0.5271220021762277, "ssim": 0.0900421657732917, "hist": 0.256}, "trial_45": {"mae": 0.43370759921309476, "ssim": -0.00660914326793489, "hist": 0.018}, "trial_46": {"mae": 0.7589055569223385, "ssim": -0.09990749889398633, "hist": -0.069}, "trial_47": {"mae": 0.5259657002478113, "ssim": 0.09032278186411094, "hist": 0.257}, "trial_48": {"mae": 0.49839129948694677, "ssim": 0.0968575247635018, "hist": 0.84}, "trial_49": {"mae": 0.5294475813661691, "ssim": 0.08973755828864038, "hist": 0.256}}