{"trial_00": {"mae": 0.5017460637354846, "ssim": 0.10438683031073637, "hist": 0.561}, "trial_01": {"mae": 0.5191765623389077, "ssim": 0.08393078504818473, "hist": 0.329}, "trial_02": {"mae": 1.0287952277482377, "ssim": -0.04055013598006769, "hist": -0.11}, "trial_03": {"mae": 0.6458131802093685, "ssim": 0.07339089830568518, "hist": 0.587}, "trial_04": {"mae": 0.5317542732841071, "ssim": 0.07752207204109804, "hist": 0.346}, "trial_05": {"mae": 0.5217115729768178, "ssim": 0.0862000262348047, "hist": 0.767}, "trial_06": {"mae": 0.4258548204060849, "ssim": -0.04021944307279341, "hist": -0.209}, "trial_07": {"mae": 0.5205049787695384, "ssim": 0.08344281024345925, "hist": 0.33}, "trial_08": {"mae": 0.5275637674562913, "ssim": 0.08224137885887216, "hist": 0.344}, "trial_09": {"mae": 0.8501633670329696, "ssim": -0.08323186852715253, "hist": -0.13}, "trial_10": {"mae": 0.6902805975538073, "ssim": -0.0756282470958907, "hist": 0.037}, "trial_11": {"mae": 0.5207582778948386, "ssim": 0.083385808608683, "hist": 0.331}, "trial_12": {"mae": 0.445543712014955, "ssim": 0.1394669090605211, "hist": 0.121}, "trial_13": {"mae": 0.40326970506389526, "ssim": 0.21409819136211317, "hist": 0.768}, "trial_14": {"mae": 0.6422449742888344, "ssim": -0.1262294791985466, "hist": -0.318}, "trial_15": {"mae": 0.7569050546565849, "ssim": -0.0950018030283103, "hist": -0.15}, "trial_16": {"mae": 0.512999163489705, "ssim": 0.09648384620682066, "hist": 0.386}, "trial_17": {"mae": 0.38911697398565154, "ssim": 0.15954185369531032, "hist": 0.363}, "trial_18": {"mae": 0.5212171124656484, "ssim": 0.08327992501137481, "hist": 0.332}, "trial_19": {"mae": 0.4521275281588583, "ssim": 0.16842880255536502, "hist": 0.908}, "trial_20": {"mae": 0.5203757583114028, "ssim": 0.08347193880818732, "hist": 0.329}, "trial_21": {"mae": 0.3768603462654292, "ssim": 0.19246714604867143, "hist": 0.37}, "trial_22": {"mae": 0.5197293397490679, "ssim": 0.08372214034956217, "hist": 0.331}, "trial_23": {"mae": 0.520601631758189, "ssim": 0.0834986387957602, "hist": 0.326}, "trial_24": {"mae": 0.5283080012266119, "ssim": 0.08174308350310239, "hist": 0.36}, "trial_25": {"mae": 0.6387429147944386, "ssim": -0.12618898793736752, "hist": -0.254}, "trial_26": {"mae": 0.5199949070215095, "ssim": 0.08355804103845037, "hist": 0.329}, "trial_27": {"mae": 0.5342106810209869, "ssim": 0.07802880213205779, "hist": 0.553}, "trial_28": {"mae": 0.6632020196137967, "ssim": -0.10520238912381168, "hist": -0.127}, "trial_29": {"mae": 0.5204880278732957, "ssim": 0.08344663029858357, "hist": 0.329}, "trial_30": {"mae": 0.5206025884233112, "ssim": 0.08342082183710502, "hist": 0.33}, "trial_31": {"mae": 0.5828734916198818, "ssim": -0.06841954969328702, "hist": -0.331}, "trial_32": {"mae": 0.516759730035209, "ssim": 0.08341482945682431, "hist": 0.367}, "trial_33": {"mae": 0.42109964665339594, "ssim": 0.1149003385916774, "hist": 0.738}, "trial_34": {"mae": 0.6508166146644756, "ssim": 0.062034080874091624, "hist": 0.513}, "trial_35": {"mae": 0.6980289680461068, "ssim": -0.08053433933218032, "hist": -0.126}, "trial_36": {"mae": 0.4768088052598435, "ssim": 0.0912267879206126, "hist": 0.666}, "trial_37": {"mae": 0.6996157773567557, "ssim": -0.08418105683593995, "hist": -0.219}, "trial_38": {"mae": 0.5038111847813268, "ssim": 0.09905123010879487, "hist": 0.545}, "trial_39": {"mae": 0.5209289446788479, "ssim": 0.08337557339187467, "hist": 0.334}, "trial_40": {"mae": 0.4857539328842012, "ssim": -0.1229281635490446, "hist": -0.371}, "trial_41": {"mae": 0.5566278801687919, "ssim": -0.13481664954874262, "hist": 0.06}, "trial_42": {"mae": 0.8313774965455465, "ssim": -0.06791502457484391, "hist": -0.068}, "trial_43": {"mae": 0.4946545098907082, "ssim": -0.14012333140207284, "hist": -0.34}, "trial_44": {"mae": 0.5277619571475023, "ssim": -0.02935046351653985, "hist": 0.369}, "trial_45": {"mae": 0.5204864887917279, "ssim": 0.08344697716068865, "hist": 0.329}, "trial_46": {"mae": 0.7991653394514484, "ssim": -0.0715562310717045, "hist": -0.08}, "trial_47": {"mae": 0.607378354746643, "ssim": -0.12090809088748133, "hist": -0.045}, "trial_48": {"mae": 0.5872206483471187, "ssim": -0.12776894022615062, "hist": -0.259}, "trial_49": {"mae": 0.5200402540251212, "ssim": 0.0833635080319029, "hist": 0.327}}