{"trial_00": {"mae": 0.2397086567029193, "ssim": 0.40982934631539364, "hist": 0.977}, "trial_01": {"mae": 0.2522174246088133, "ssim": 0.31206410137188517, "hist": 0.979}, "trial_02": {"mae": 0.26854596020224053, "ssim": 0.2488945457800298, "hist": 0.856}, "trial_03": {"mae": 0.5860241440576538, "ssim": -0.1396357643120807, "hist": -0.061}, "trial_04": {"mae": 0.29866343773024595, "ssim": 0.12228160034626663, "hist": 0.631}, "trial_05": {"mae": 0.2605595997911763, "ssim": 0.2941784967637942, "hist": 0.967}, "trial_06": {"mae": 0.3003083491302242, "ssim": 0.08031812199380489, "hist": 0.452}, "trial_07": {"mae": 0.5139034404575663, "ssim": -0.19414521303330556, "hist": 0.01}, "trial_08": {"mae": 0.24863046245621845, "ssim": 0.3380404031005666, "hist": 0.973}, "trial_09": {"mae": 0.24863768293146513, "ssim": 0.32311025591613496, "hist": 0.959}, "trial_10": {"mae": 0.2781436138785392, "ssim": 0.19087667771304895, "hist": 0.608}, "trial_11": {"mae": 0.35356706422116435, "ssim": 0.2354621038628807, "hist": 0.871}, "trial_12": {"mae": 0.25918586371331426, "ssim": 0.39235812975479756, "hist": 0.917}, "trial_13": {"mae": 0.2533833027599182, "ssim": 0.30870905875374727, "hist": 0.976}, "trial_14": {"mae": 0.265730693757002, "ssim": 0.24017706865890145, "hist": 0.876}, "trial_15": {"mae": 0.26815259768073535, "ssim": 0.2529850513452586, "hist": 0.94}, "trial_16": {"mae": 0.29982772588381357, "ssim": 0.32878092968192746, "hist": 0.958}, "trial_17": {"mae": 0.563994613283107, "ssim": -0.14239731553717777, "hist": -0.042}, "trial_18": {"mae": 0.2606475888105366, "ssim": 0.23221167492420683, "hist": 0.846}, "trial_19": {"mae": 0.2698901281031296, "ssim": 0.21916632916551393, "hist": 0.724}, "trial_20": {"mae": 0.2557549614678391, "ssim": 0.36726892256379984, "hist": 0.973}, "trial_21": {"mae": 0.34278202551296155, "ssim": -0.03150789732369963, "hist": 0.346}, "trial_22": {"mae": 0.2644672279964308, "ssim": 0.36926923666637484, "hist": 0.972}, "trial_23": {"mae": 0.27921289115338527, "ssim": 0.1694447005370735, "hist": 0.442}, "trial_24": {"mae": 0.6460164805756922, "ssim": -0.12098657706941199, "hist": -0.014}, "trial_25": {"mae": 0.25791836204248225, "ssim": 0.2900512393835507, "hist": 0.963}, "trial_26": {"mae": 0.25950324022105503, "ssim": 0.3461953614857454, "hist": 0.934}, "trial_27": {"mae": 0.2625385611074758, "ssim": 0.4092388805051523, "hist": 0.921}, "trial_28": {"mae": 0.2609369838973319, "ssim": 0.41319842952525354, "hist": 0.924}, "trial_29": {"mae": 0.2832418442615734, "ssim": 0.14058398169403333, "hist": 0.685}, "trial_30": {"mae": 0.25338768269192524, "ssim": 0.322388740876211, "hist": 0.899}, "trial_31": {"mae": 0.2624203071696851, "ssim": 0.26810402627403596, "hist": 0.921}, "trial_32": {"mae": 0.32759152396553154, "ssim": 0.2945264462109112, "hist": 0.362}, "trial_33": {"mae": 0.27329910920757594, "ssim": 0.19817858602433708, "hist": 0.743}, "trial_34": {"mae": 0.5094005103193047, "ssim": 0.08851321507748752, "hist": 0.302}, "trial_35": {"mae": 0.2636075978348123, "ssim": 0.32783497051802146, "hist": 0.634}, "trial_36": {"mae": 0.253706190657083, "ssim": 0.35295458946648184, "hist": 0.959}, "trial_37": {"mae": 0.2578407606151822, "ssim": 0.29094216284898095, "hist": 0.956}, "trial_38": {"mae": 0.29559497337140656, "ssim": 0.3639959218142261, "hist": 0.943}, "trial_39": {"mae": 0.2931669235482203, "ssim": 0.3742496848847536, "hist": 0.862}, "trial_40": {"mae": 0.2918560656456949, "ssim": 0.10244750988262737, "hist": 0.561}, "trial_41": {"mae": 0.25936828302915305, "ssim": 0.3534360461290027, "hist": 0.932}, "trial_42": {"mae": 0.2695818634429207, "ssim": 0.240046379037459, "hist": 0.801}, "trial_43": {"mae": 0.25119565030326346, "ssim": 0.415495067681395, "hist": 0.968}, "trial_44": {"mae": 0.2534380790307167, "ssim": 0.331305772846066, "hist": 0.942}, "trial_45": {"mae": 0.27894649223949336, "ssim": 0.340829228472162, "hist": 0.975}, "trial_46": {"mae": 0.2651615529952693, "ssim": 0.2786098467673141, "hist": 0.935}, "trial_47": {"mae": 0.2761366241941736, "ssim": 0.21776302717798107, "hist": 0.895}, "trial_48": {"mae": 0.24602498719746813, "ssim": 0.32808943940798707, "hist": 0.946}, "trial_49": {"mae": 0.24798163863943418, "ssim": 0.35092111380830127, "hist": 0.956}}