{"trial_00": {"mae": 0.8787049249205138, "ssim": -0.049077057598803306, "hist": -0.074}, "trial_01": {"mae": 0.26891789417702655, "ssim": 0.26682057967661715, "hist": 0.912}, "trial_02": {"mae": 0.3367028774079061, "ssim": 0.05298579996884824, "hist": 0.584}, "trial_03": {"mae": 0.26572546284250176, "ssim": 0.2611116295780836, "hist": 0.947}, "trial_04": {"mae": 0.2654612490247994, "ssim": 0.28729430921947463, "hist": 0.932}, "trial_05": {"mae": 0.36753077512212007, "ssim": -0.1369139462902268, "hist": 0.021}, "trial_06": {"mae": 0.3063142277018041, "ssim": 0.17424045796943388, "hist": 0.874}, "trial_07": {"mae": 0.3853876279219817, "ssim": -0.10159540767563598, "hist": 0.209}, "trial_08": {"mae": 0.5010286631963817, "ssim": 0.09324669237754307, "hist": 0.328}, "trial_09": {"mae": 0.3542465803715792, "ssim": -0.058635268702728935, "hist": 0.296}, "trial_10": {"mae": 0.2709331988879655, "ssim": 0.24238647857000095, "hist": 0.938}, "trial_11": {"mae": 0.2628263007594219, "ssim": 0.32911108863455657, "hist": 0.916}, "trial_12": {"mae": 0.27786473218775104, "ssim": 0.222176181338094, "hist": 0.917}, "trial_13": {"mae": 0.28804472669790887, "ssim": 0.21628197202554714, "hist": 0.926}, "trial_14": {"mae": 0.2827842457883182, "ssim": 0.23711555596062958, "hist": 0.915}, "trial_15": {"mae": 0.3156306573379968, "ssim": 0.08623929445019947, "hist": 0.683}, "trial_16": {"mae": 0.2881567588021634, "ssim": 0.20915966176128523, "hist": 0.913}, "trial_17": {"mae": 0.6342252057237707, "ssim": -0.13392786161336517, "hist": -0.087}, "trial_18": {"mae": 0.44007147316134276, "ssim": -0.2188594337064027, "hist": -0.024}, "trial_19": {"mae": 0.3472735053738582, "ssim": 0.2428218878719054, "hist": 0.649}, "trial_20": {"mae": 0.26499083611835605, "ssim": 0.24307851598846583, "hist": 0.945}, "trial_21": {"mae": 0.5025930860222889, "ssim": 0.09280095819584135, "hist": 0.322}, "trial_22": {"mae": 0.31225797688438767, "ssim": 0.1035259009829581, "hist": 0.735}, "trial_23": {"mae": 0.327366937281853, "ssim": 0.10217516162445879, "hist": 0.697}, "trial_24": {"mae": 0.44179674153786935, "ssim": 0.11918352534565017, "hist": 0.616}, "trial_25": {"mae": 0.534893241752593, "ssim": -0.20448094539784303, "hist": -0.014}, "trial_26": {"mae": 0.2643226698979468, "ssim": 0.2984690900386075, "hist": 0.952}, "trial_27": {"mae": 0.3089943051350504, "ssim": 0.14011593914434495, "hist": 0.787}, "trial_28": {"mae": 0.2839727531558319, "ssim": 0.19072348573534612, "hist": 0.88}, "trial_29": {"mae": 0.31315088167987143, "ssim": 0.1194440486937671, "hist": 0.761}, "trial_30": {"mae": 0.3170016316019567, "ssim": 0.06655443024681335, "hist": 0.583}, "trial_31": {"mae": 0.3334265996103202, "ssim": 0.024111730709638023, "hist": 0.451}, "trial_32": {"mae": 0.501902502081331, "ssim": 0.0929968151064199, "hist": 0.322}, "trial_33": {"mae": 0.27686428479005654, "ssim": 0.2428318564869971, "hist": 0.944}, "trial_34": {"mae": 0.6874760897690396, "ssim": -0.09737989640774092, "hist": -0.029}, "trial_35": {"mae": 0.29088923058488475, "ssim": 0.24381465208433656, "hist": 0.948}, "trial_36": {"mae": 0.5707111559670917, "ssim": -0.19224303624851627, "hist": -0.064}, "trial_37": {"mae": 0.28467536831526496, "ssim": 0.19857768348432703, "hist": 0.912}, "trial_38": {"mae": 0.33887362234195256, "ssim": -0.013680677325752098, "hist": 0.408}, "trial_39": {"mae": 0.26668585799384215, "ssim": 0.2843640331441807, "hist": 0.945}, "trial_40": {"mae": 0.2772690682285044, "ssim": 0.21514008848973834, "hist": 0.926}, "trial_41": {"mae": 0.26743139271610106, "ssim": 0.2884788581820994, "hist": 0.965}, "trial_42": {"mae": 0.26725802617843303, "ssim": 0.24627407060237547, "hist": 0.964}, "trial_43": {"mae": 0.3218983197912285, "ssim": 0.0583149516999019, "hist": 0.429}, "trial_44": {"mae": 0.5013651979892002, "ssim": 0.09314998294506704, "hist": 0.326}, "trial_45": {"mae": 0.32795860973879676, "ssim": 0.035699285267933596, "hist": 0.554}, "trial_46": {"mae": 0.2928429231238694, "ssim": 0.18557162995413462, "hist": 0.923}, "trial_47": {"mae": 0.2846161936737005, "ssim": 0.21892860180332535, "hist": 0.798}, "trial_48": {"mae": 0.3017638100528902, "ssim": 0.17806113527203415, "hist": 0.859}, "trial_49": {"mae": 0.31753728623440997, "ssim": 0.08748595168209314, "hist": 0.672}}