{"trial_00": {"mae": 0.8332154660058346, "ssim": -0.0654421465819073, "hist": -0.016}, "trial_01": {"mae": 0.5875349987971943, "ssim": 0.06368215469017922, "hist": 0.708}, "trial_02": {"mae": 0.6176161447015402, "ssim": -0.15689267410082505, "hist": -0.121}, "trial_03": {"mae": 0.7113618460460494, "ssim": -0.12475854002745541, "hist": -0.117}, "trial_04": {"mae": 0.6402456043218182, "ssim": -0.11794709693705777, "hist": 0.11}, "trial_05": {"mae": 0.7142902873602197, "ssim": -0.0974733988238095, "hist": 0.153}, "trial_06": {"mae": 0.5173676135536763, "ssim": 0.09073436336653812, "hist": 0.296}, "trial_07": {"mae": 0.4440870231214354, "ssim": 0.10432133576719375, "hist": 0.397}, "trial_08": {"mae": 0.5057858568108328, "ssim": 0.0931073721858297, "hist": 0.693}, "trial_09": {"mae": 0.487254828288999, "ssim": 0.1008005346808077, "hist": 0.583}, "trial_10": {"mae": 0.3676657568525594, "ssim": 0.2645438055114343, "hist": 0.35}, "trial_11": {"mae": 0.3906981541215891, "ssim": 0.11194493174161135, "hist": 0.483}, "trial_12": {"mae": 0.7587052313949489, "ssim": -0.1044247368202139, "hist": 0.093}, "trial_13": {"mae": 0.35348026214350703, "ssim": 0.2977993003655299, "hist": 0.258}, "trial_14": {"mae": 0.5210179811632922, "ssim": 0.09011653012920105, "hist": 0.282}, "trial_15": {"mae": 0.4306401414019243, "ssim": 0.1682274280249234, "hist": 0.313}, "trial_16": {"mae": 0.39887294195930506, "ssim": 0.1218445626838503, "hist": 0.178}, "trial_17": {"mae": 0.4723709951850609, "ssim": 0.11135944407861346, "hist": 0.653}, "trial_18": {"mae": 1.161378130995553, "ssim": -0.046564701626596844, "hist": -0.155}, "trial_19": {"mae": 0.5205304390938602, "ssim": 0.09024167028315688, "hist": 0.282}, "trial_20": {"mae": 0.8060913654724183, "ssim": -0.10582221470356891, "hist": -0.148}, "trial_21": {"mae": 0.5811281789007803, "ssim": 0.05256295891489409, "hist": 0.666}, "trial_22": {"mae": 1.7301641207551954, "ssim": 0.01198262581354266, "hist": 0.019}, "trial_23": {"mae": 0.5812626945042264, "ssim": 0.054605669835960685, "hist": 0.596}, "trial_24": {"mae": 0.4050455573562273, "ssim": 0.2020408871213402, "hist": 0.704}, "trial_25": {"mae": 1.0924208457445646, "ssim": 0.007961811297729163, "hist": 0.247}, "trial_26": {"mae": 0.4833652121898162, "ssim": 0.10459810028180146, "hist": 0.617}, "trial_27": {"mae": 0.5207829962747021, "ssim": 0.09017346681701391, "hist": 0.283}, "trial_28": {"mae": 0.5626633599668475, "ssim": 0.12232735704154055, "hist": 0.522}, "trial_29": {"mae": 0.5144296441051456, "ssim": 0.10244586517899576, "hist": 0.552}, "trial_30": {"mae": 0.5203242845743588, "ssim": 0.09028293408868598, "hist": 0.284}, "trial_31": {"mae": 0.658493121461492, "ssim": 0.051246423308013746, "hist": 0.766}, "trial_32": {"mae": 0.598486365826579, "ssim": 0.037539121083561174, "hist": 0.685}, "trial_33": {"mae": 0.7692658317686182, "ssim": -0.12901661841278597, "hist": -0.156}, "trial_34": {"mae": 0.5528043738786671, "ssim": -0.15545672916723413, "hist": -0.179}, "trial_35": {"mae": 0.6256939872987507, "ssim": -0.10692910199298497, "hist": -0.257}, "trial_36": {"mae": 0.4570634636909881, "ssim": 0.016959746815619445, "hist": -0.031}, "trial_37": {"mae": 0.7956961663730123, "ssim": -0.10577121573004164, "hist": -0.1}, "trial_38": {"mae": 0.8683721699237064, "ssim": -0.10301992329399792, "hist": -0.128}, "trial_39": {"mae": 1.0122698150617095, "ssim": -0.0774505573201189, "hist": -0.142}, "trial_40": {"mae": 0.5307335914480005, "ssim": 0.09500415711223079, "hist": 0.481}, "trial_41": {"mae": 0.3975700245345703, "ssim": 0.24982163676226443, "hist": 0.021}, "trial_42": {"mae": 0.5778488262447524, "ssim": -0.1730843948854064, "hist": -0.282}, "trial_43": {"mae": 0.7974279741199144, "ssim": -0.13199163398551864, "hist": -0.127}, "trial_44": {"mae": 0.39075286371450246, "ssim": 0.10625448617629749, "hist": 0.294}, "trial_45": {"mae": 0.6494574070228539, "ssim": -0.10836981407774461, "hist": -0.425}, "trial_46": {"mae": 0.3643617560843903, "ssim": 0.20634601199701247, "hist": 0.274}, "trial_47": {"mae": 0.5508957390639365, "ssim": 0.07843237218308599, "hist": 0.36}, "trial_48": {"mae": 0.8217465525440919, "ssim": -0.11940090894172933, "hist": -0.111}, "trial_49": {"mae": 1.1505254917436143, "ssim": -0.05976359805783416, "hist": -0.174}}