{"trial_00": {"mae": 0.2763552324853829, "ssim": 0.24800168666826763, "hist": 0.965}, "trial_01": {"mae": 0.6500375220930457, "ssim": -0.18429758976627858, "hist": -0.153}, "trial_02": {"mae": 0.5116461924488889, "ssim": -0.2125319325591077, "hist": 0.043}, "trial_03": {"mae": 0.25234778076768305, "ssim": 0.33600391101538896, "hist": 0.942}, "trial_04": {"mae": 0.6671050130278432, "ssim": -0.11863805370475385, "hist": -0.19}, "trial_05": {"mae": 0.3799867253095566, "ssim": -0.0037923768510306657, "hist": 0.514}, "trial_06": {"mae": 0.284292961320701, "ssim": 0.08904875125599857, "hist": 0.744}, "trial_07": {"mae": 0.8022427907212952, "ssim": -0.08119312344894437, "hist": -0.032}, "trial_08": {"mae": 0.24626467708900962, "ssim": 0.28954052256832763, "hist": 0.954}, "trial_09": {"mae": 0.48607992540492245, "ssim": 0.10494991216027745, "hist": 0.419}, "trial_10": {"mae": 0.2869492620822569, "ssim": 0.2794544972945476, "hist": 0.9}, "trial_11": {"mae": 0.2785524119351144, "ssim": 0.1817056529258821, "hist": 0.761}, "trial_12": {"mae": 0.4571884866980793, "ssim": -0.20161764482203284, "hist": 0.104}, "trial_13": {"mae": 0.3433408367298934, "ssim": -0.034371064877042015, "hist": 0.483}, "trial_14": {"mae": 0.2545431777697199, "ssim": 0.31088391059118414, "hist": 0.946}, "trial_15": {"mae": 0.4445472401466676, "ssim": -0.21821826184128684, "hist": 0.025}, "trial_16": {"mae": 0.34747579975411413, "ssim": -0.1437123272873141, "hist": 0.243}, "trial_17": {"mae": 0.27654649587970426, "ssim": 0.2839733775498717, "hist": 0.92}, "trial_18": {"mae": 0.44672083521005795, "ssim": -0.17111126485962808, "hist": 0.076}, "trial_19": {"mae": 0.31635281127246784, "ssim": 0.07350716998102794, "hist": 0.72}, "trial_20": {"mae": 0.31763372940983065, "ssim": 0.2988888272229081, "hist": 0.872}, "trial_21": {"mae": 0.24758418473038218, "ssim": 0.36702319010045614, "hist": 0.937}, "trial_22": {"mae": 0.31674599348152055, "ssim": 0.02960007659862034, "hist": 0.66}, "trial_23": {"mae": 0.2986232100462601, "ssim": 0.09399125587959348, "hist": 0.826}, "trial_24": {"mae": 0.4998460055191783, "ssim": -0.22364257831251955, "hist": 0.019}, "trial_25": {"mae": 0.3199647822961458, "ssim": 0.034566109837085315, "hist": 0.684}, "trial_26": {"mae": 0.4533632373366599, "ssim": -0.1664787900749008, "hist": 0.081}, "trial_27": {"mae": 0.3359182962500103, "ssim": 0.09394455123271782, "hist": 0.725}, "trial_28": {"mae": 0.34034137955144744, "ssim": -0.021016138395404962, "hist": 0.333}, "trial_29": {"mae": 0.6471562430697246, "ssim": -0.17529588902100018, "hist": -0.124}, "trial_30": {"mae": 0.2316875389117712, "ssim": 0.3787012947196138, "hist": 0.938}, "trial_31": {"mae": 0.309915006718482, "ssim": 0.28780192509528735, "hist": 0.407}, "trial_32": {"mae": 0.2775149854109905, "ssim": 0.24062552418107652, "hist": 0.902}, "trial_33": {"mae": 0.40485516843037317, "ssim": -0.18125891739341984, "hist": 0.085}, "trial_34": {"mae": 0.35478080145863095, "ssim": -0.033804062646373846, "hist": 0.397}, "trial_35": {"mae": 0.666554395761087, "ssim": -0.16638253585023027, "hist": -0.151}, "trial_36": {"mae": 0.24593856232881944, "ssim": 0.37036075504065846, "hist": 0.956}, "trial_37": {"mae": 0.2816820549636546, "ssim": 0.15028682087212814, "hist": 0.883}, "trial_38": {"mae": 0.4363689767860961, "ssim": -0.13329845001058063, "hist": 0.279}, "trial_39": {"mae": 0.33437549767005204, "ssim": -0.04843796158675626, "hist": 0.374}, "trial_40": {"mae": 0.2590595772157936, "ssim": 0.28448426901905544, "hist": 0.873}, "trial_41": {"mae": 0.3111369001463945, "ssim": 0.24790812333203235, "hist": 0.515}, "trial_42": {"mae": 0.5706279056000912, "ssim": -0.21153150371402699, "hist": -0.052}, "trial_43": {"mae": 0.28736720762615203, "ssim": 0.2002919931422421, "hist": 0.862}, "trial_44": {"mae": 0.2640263085131728, "ssim": 0.3712503703878795, "hist": 0.884}, "trial_45": {"mae": 0.2754418658938498, "ssim": 0.34058485539630307, "hist": 0.913}, "trial_46": {"mae": 0.6004077683882207, "ssim": -0.21448581434201888, "hist": -0.109}, "trial_47": {"mae": 0.2949838045972709, "ssim": 0.17556766300658166, "hist": 0.831}, "trial_48": {"mae": 0.4583402743719594, "ssim": -0.19434501275312768, "hist": 0.123}, "trial_49": {"mae": 0.27410562722140686, "ssim": 0.2787724744654302, "hist": 0.8}}