{"trial_00": {"mae": 0.721260842858154, "ssim": 0.0026690765478930485, "hist": 0.716}, "trial_01": {"mae": 0.7691221952178854, "ssim": 0.003028230834872773, "hist": -0.456}, "trial_02": {"mae": 0.7272658027790598, "ssim": 0.0026519605591654263, "hist": -0.456}, "trial_03": {"mae": 0.7164941898645885, "ssim": 0.0026761481421492886, "hist": 0.716}, "trial_04": {"mae": 0.7266104639463031, "ssim": 0.002732958688581983, "hist": -0.456}, "trial_05": {"mae": 0.7190903646744945, "ssim": 0.002648560088043841, "hist": 0.716}, "trial_06": {"mae": 0.7237811856854456, "ssim": 0.0027134391378988145, "hist": -0.456}, "trial_07": {"mae": 0.7352992227182008, "ssim": 0.0030027128665108794, "hist": -0.456}, "trial_08": {"mae": 0.682639797402999, "ssim": 0.0030136836065789256, "hist": 0.716}, "trial_09": {"mae": 0.7042080755044435, "ssim": 0.0027058864888110067, "hist": 0.716}, "trial_10": {"mae": 0.8010567357471381, "ssim": 0.0024497086594909676, "hist": -0.456}, "trial_11": {"mae": 0.7167848550795701, "ssim": 0.0026782599494767256, "hist": 0.716}, "trial_12": {"mae": 0.7201134024384038, "ssim": 0.0026663405087515653, "hist": 0.716}, "trial_13": {"mae": 0.7271067654428864, "ssim": 0.002662116468015038, "hist": -0.456}, "trial_14": {"mae": 0.7324653412204486, "ssim": 0.002658966775269562, "hist": -0.456}, "trial_15": {"mae": 0.7192400325720688, "ssim": 0.004519389162564239, "hist": -0.203}, "trial_16": {"mae": 0.7249819639153774, "ssim": 0.002658121904934069, "hist": -0.456}, "trial_17": {"mae": 0.653916379569421, "ssim": 0.05807241965131762, "hist": 0.336}, "trial_18": {"mae": 0.7175111009946378, "ssim": 0.0026735732240351696, "hist": 0.716}, "trial_19": {"mae": 0.7274004841665267, "ssim": 0.0026021957847180764, "hist": -0.456}, "trial_20": {"mae": 0.7350096058241244, "ssim": 0.0026242384508470646, "hist": -0.456}, "trial_21": {"mae": 0.7111297695243299, "ssim": 0.002738778657877218, "hist": 0.716}, "trial_22": {"mae": 0.727370467070459, "ssim": 0.0038685403000039416, "hist": -0.379}, "trial_23": {"mae": 0.724513011080916, "ssim": 0.002665193196998353, "hist": -0.456}, "trial_24": {"mae": 0.7301768846089917, "ssim": 0.002617629131731663, "hist": -0.456}, "trial_25": {"mae": 0.7319411253225704, "ssim": 0.0027174009538387927, "hist": -0.456}, "trial_26": {"mae": 0.7032335463886964, "ssim": 0.0027164387872883424, "hist": 0.716}, "trial_27": {"mae": 0.777821602852775, "ssim": 0.002546390332356996, "hist": -0.456}, "trial_28": {"mae": 0.7045841445042561, "ssim": 0.0027127027821873735, "hist": 0.716}, "trial_29": {"mae": 0.7331498456765403, "ssim": 0.002738344747763286, "hist": -0.456}, "trial_30": {"mae": 0.6754092828333907, "ssim": 0.0027785381243133718, "hist": 0.716}, "trial_31": {"mae": 0.7217623254841052, "ssim": 0.002662817631290115, "hist": 0.715}, "trial_32": {"mae": 0.707944508073699, "ssim": 0.0027045648696587183, "hist": 0.716}, "trial_33": {"mae": 0.7023166382183395, "ssim": 0.0034078292555317184, "hist": 0.716}, "trial_34": {"mae": 0.7065768430078808, "ssim": 0.0031261940409444706, "hist": 0.716}, "trial_35": {"mae": 0.4771759780282906, "ssim": 0.10515283317709204, "hist": 0.377}, "trial_36": {"mae": 0.7263593705223383, "ssim": 0.00283793647267284, "hist": -0.456}, "trial_37": {"mae": 0.7890931486523832, "ssim": 0.002674827079803938, "hist": -0.456}, "trial_38": {"mae": 0.7120396027191267, "ssim": 0.0032502753302604058, "hist": 0.716}, "trial_39": {"mae": 0.7291584334439751, "ssim": 0.002648215840751803, "hist": -0.456}, "trial_40": {"mae": 0.7231684107419327, "ssim": 0.002982188866181299, "hist": -0.393}, "trial_41": {"mae": 0.7146120598870134, "ssim": 0.002782995942136589, "hist": 0.716}, "trial_42": {"mae": 0.7264543306721215, "ssim": 0.0026488682891397278, "hist": -0.456}, "trial_43": {"mae": 0.7418446431613068, "ssim": 0.0029387082389526926, "hist": -0.456}, "trial_44": {"mae": 0.7111689783538052, "ssim": 0.0026497473789485982, "hist": 0.716}, "trial_45": {"mae": 0.7295184567364661, "ssim": 0.002647303088282455, "hist": -0.456}, "trial_46": {"mae": 0.7071642726655197, "ssim": 0.0027094099997677745, "hist": 0.716}, "trial_47": {"mae": 0.7036301472299321, "ssim": 0.002719780126660021, "hist": 0.716}, "trial_48": {"mae": 0.6923390438074507, "ssim": 0.0034758616436736016, "hist": 0.716}, "trial_49": {"mae": 0.715926516301989, "ssim": 0.0026686804356246515, "hist": 0.716}}