{"trial_00": {"mae": 0.5074808034931243, "ssim": -0.010740217705606434, "hist": 0.59}, "trial_01": {"mae": 0.7450925967341665, "ssim": -0.09600439229240601, "hist": -0.169}, "trial_02": {"mae": 0.4949646829544247, "ssim": -0.16134699294358354, "hist": -0.05}, "trial_03": {"mae": 0.5663647784420806, "ssim": -0.11381075137851537, "hist": 0.108}, "trial_04": {"mae": 0.7430817274557011, "ssim": -0.09543365222312465, "hist": -0.182}, "trial_05": {"mae": 0.5092399382747068, "ssim": 0.09355728439676132, "hist": 0.365}, "trial_06": {"mae": 0.5684145274425101, "ssim": -0.10802093091487384, "hist": -0.041}, "trial_07": {"mae": 0.7232112420019977, "ssim": -0.12206208709569157, "hist": -0.204}, "trial_08": {"mae": 0.6533107463616621, "ssim": -0.13174476816904304, "hist": -0.057}, "trial_09": {"mae": 0.592473952903408, "ssim": -0.16191231806299303, "hist": -0.172}, "trial_10": {"mae": 0.662813535478015, "ssim": -0.11664204832662477, "hist": -0.257}, "trial_11": {"mae": 0.6178541657843485, "ssim": -0.13266306212825027, "hist": -0.009}, "trial_12": {"mae": 0.5182245148468774, "ssim": -0.09123401944822801, "hist": 0.452}, "trial_13": {"mae": 0.5757817287880227, "ssim": -0.11326386333957322, "hist": 0.076}, "trial_14": {"mae": 0.44718965363400054, "ssim": -0.14972356234300885, "hist": -0.112}, "trial_15": {"mae": 0.7420274013237376, "ssim": 0.07552336415093312, "hist": 0.319}, "trial_16": {"mae": 0.6905137885094467, "ssim": -0.10735811549131002, "hist": -0.073}, "trial_17": {"mae": 0.5603823869794987, "ssim": -0.09939678559561807, "hist": 0.148}, "trial_18": {"mae": 0.651126204377644, "ssim": -0.1260094001490665, "hist": -0.096}, "trial_19": {"mae": 0.6584750745260027, "ssim": -0.11168091706467181, "hist": 0.089}, "trial_20": {"mae": 0.4540873438706213, "ssim": -0.11551321310634119, "hist": 0.407}, "trial_21": {"mae": 0.6132597390260298, "ssim": -0.08932362941528613, "hist": 0.374}, "trial_22": {"mae": 0.5858563017101243, "ssim": -0.10237374838227656, "hist": 0.131}, "trial_23": {"mae": 0.6890088292496629, "ssim": -0.10503240327795221, "hist": -0.128}, "trial_24": {"mae": 0.6180425758049197, "ssim": -0.11661010068142576, "hist": 0.254}, "trial_25": {"mae": 0.6341264929404881, "ssim": -0.12854179094653784, "hist": -0.068}, "trial_26": {"mae": 0.5389510339593152, "ssim": -0.05658874442718096, "hist": 0.546}, "trial_27": {"mae": 0.591774596583724, "ssim": -0.10433087123943595, "hist": 0.245}, "trial_28": {"mae": 0.5296610882636691, "ssim": -0.08156093537406081, "hist": 0.325}, "trial_29": {"mae": 0.4011060454342505, "ssim": 0.21445780143763613, "hist": 0.836}, "trial_30": {"mae": 0.5118365674233385, "ssim": -0.0701969037875824, "hist": 0.334}, "trial_31": {"mae": 0.5328019049806137, "ssim": -0.12768219128938435, "hist": 0.214}, "trial_32": {"mae": 0.628434357681759, "ssim": -0.12129856282375147, "hist": -0.058}, "trial_33": {"mae": 0.5255890884513648, "ssim": 0.03280366535671552, "hist": 0.755}, "trial_34": {"mae": 0.5349279765159445, "ssim": -0.14421358361683925, "hist": 0.086}, "trial_35": {"mae": 0.6468943095211572, "ssim": -0.1265076078157886, "hist": -0.066}, "trial_36": {"mae": 0.6764294818287798, "ssim": -0.11505013295691106, "hist": -0.187}, "trial_37": {"mae": 0.5794371786626288, "ssim": -0.14502476204180437, "hist": 0.05}, "trial_38": {"mae": 0.6512620927983539, "ssim": -0.13552116909122625, "hist": -0.178}, "trial_39": {"mae": 0.6754909741735443, "ssim": -0.12830539109048492, "hist": -0.13}, "trial_40": {"mae": 0.43378795517966146, "ssim": 0.04956516143878258, "hist": 0.933}, "trial_41": {"mae": 0.6813966331239418, "ssim": -0.11753879795194835, "hist": 0.004}, "trial_42": {"mae": 0.4474167344270451, "ssim": 0.1202938674599551, "hist": 0.899}, "trial_43": {"mae": 0.5324836127712059, "ssim": -0.14705294977050762, "hist": -0.148}, "trial_44": {"mae": 0.48079724731765333, "ssim": -0.046106706484139455, "hist": 0.604}, "trial_45": {"mae": 0.5088918850727704, "ssim": -0.04577098604981993, "hist": 0.461}, "trial_46": {"mae": 0.5014874641363941, "ssim": -0.04604666405441281, "hist": 0.597}, "trial_47": {"mae": 0.6887296457443073, "ssim": -0.13310308775068025, "hist": -0.08}, "trial_48": {"mae": 0.4310613363525042, "ssim": 0.18181738267879888, "hist": 0.556}, "trial_49": {"mae": 0.6218722139605989, "ssim": -0.1259758254876341, "hist": 0.182}}