{"trial_00": {"mae": 0.4165414285744903, "ssim": 0.1459640926942351, "hist": 0.079}, "trial_01": {"mae": 0.32705349180378335, "ssim": 0.20646533319183138, "hist": 0.828}, "trial_02": {"mae": 0.328789578547288, "ssim": 0.25707315310850437, "hist": 0.963}, "trial_03": {"mae": 0.31746143450044784, "ssim": 0.1875423322203391, "hist": 0.799}, "trial_04": {"mae": 0.4562596952950402, "ssim": -0.06496348412687553, "hist": 0.116}, "trial_05": {"mae": 0.8005443067868918, "ssim": -0.06934039587854939, "hist": -0.077}, "trial_06": {"mae": 0.5122856589319814, "ssim": -0.19840572592078554, "hist": -0.012}, "trial_07": {"mae": 0.33386457288830157, "ssim": 0.18617244749372647, "hist": 0.802}, "trial_08": {"mae": 0.625016008250752, "ssim": -0.20676685692170962, "hist": -0.139}, "trial_09": {"mae": 0.36987004964454945, "ssim": 0.10388902821458941, "hist": 0.619}, "trial_10": {"mae": 0.6355919603641702, "ssim": -0.17496427113867363, "hist": -0.141}, "trial_11": {"mae": 0.37198223364691735, "ssim": 0.05765399781882206, "hist": 0.504}, "trial_12": {"mae": 0.3407910602182667, "ssim": 0.10529647814159138, "hist": 0.568}, "trial_13": {"mae": 0.4002401343239557, "ssim": -0.09763738285714844, "hist": -0.02}, "trial_14": {"mae": 0.44845965798893694, "ssim": -0.0634229072030519, "hist": 0.18}, "trial_15": {"mae": 0.45291098075528236, "ssim": -0.11577324129862643, "hist": 0.105}, "trial_16": {"mae": 0.3424594524917226, "ssim": 0.1624116852525464, "hist": 0.731}, "trial_17": {"mae": 0.42887708227695165, "ssim": -0.058058950738200936, "hist": 0.227}, "trial_18": {"mae": 0.33991950932321807, "ssim": 0.16214104883379205, "hist": 0.846}, "trial_19": {"mae": 0.5906394283903045, "ssim": -0.19627991517298335, "hist": -0.133}, "trial_20": {"mae": 0.35666852026442225, "ssim": 0.10018577317690189, "hist": 0.545}, "trial_21": {"mae": 0.47430938558869684, "ssim": -0.12391608168687894, "hist": -0.004}, "trial_22": {"mae": 0.5410407459156585, "ssim": -0.22390297184717864, "hist": -0.147}, "trial_23": {"mae": 0.3239745293731629, "ssim": 0.22049113898742892, "hist": 0.94}, "trial_24": {"mae": 0.5417208519446456, "ssim": -0.1661048685703022, "hist": -0.056}, "trial_25": {"mae": 0.7051752438667567, "ssim": -0.15673743217223596, "hist": -0.17}, "trial_26": {"mae": 0.30177580781240093, "ssim": 0.16625835701050456, "hist": 0.765}, "trial_27": {"mae": 0.3226430348064869, "ssim": 0.22549471393695594, "hist": 0.955}, "trial_28": {"mae": 0.5535046985315659, "ssim": -0.2120294443633369, "hist": -0.07}, "trial_29": {"mae": 0.5524025426866563, "ssim": -0.21817300156805744, "hist": -0.128}, "trial_30": {"mae": 0.4182081122172109, "ssim": 0.14337790308950105, "hist": 0.054}, "trial_31": {"mae": 0.49552359268688023, "ssim": -0.1377014395447835, "hist": 0.095}, "trial_32": {"mae": 0.3302805895586243, "ssim": 0.16851461139385265, "hist": 0.754}, "trial_33": {"mae": 0.31256185329471364, "ssim": 0.16286576408377385, "hist": 0.764}, "trial_34": {"mae": 0.49892978649822395, "ssim": -0.17114982620290312, "hist": -0.092}, "trial_35": {"mae": 0.2997878870326455, "ssim": 0.23181354641738708, "hist": 0.897}, "trial_36": {"mae": 0.48503928900393, "ssim": -0.19765072372132073, "hist": -0.002}, "trial_37": {"mae": 0.33440488666399415, "ssim": 0.08019945190368544, "hist": 0.487}, "trial_38": {"mae": 0.552756760665574, "ssim": -0.20151037870212382, "hist": -0.052}, "trial_39": {"mae": 0.37148272919450626, "ssim": 0.06912064478665031, "hist": 0.488}, "trial_40": {"mae": 0.3593509073595581, "ssim": 0.045373773251498814, "hist": 0.49}, "trial_41": {"mae": 0.3307567167519097, "ssim": 0.17196752389826947, "hist": 0.801}, "trial_42": {"mae": 0.69538802304253, "ssim": -0.15620437285983196, "hist": -0.131}, "trial_43": {"mae": 0.3022050375710051, "ssim": 0.21828817389247496, "hist": 0.844}, "trial_44": {"mae": 0.5114532156080719, "ssim": -0.15619337208708653, "hist": -0.013}, "trial_45": {"mae": 0.7413956208992749, "ssim": -0.1583595206335023, "hist": -0.166}, "trial_46": {"mae": 0.32051515801069275, "ssim": 0.14155446155558718, "hist": 0.557}, "trial_47": {"mae": 0.34179294592582793, "ssim": 0.15460145633042063, "hist": 0.804}, "trial_48": {"mae": 0.6806061087904853, "ssim": -0.16373966591824224, "hist": -0.143}, "trial_49": {"mae": 0.9876248666267096, "ssim": -0.06683943568939932, "hist": -0.062}}