{"trial_00": {"mae": 0.5273614498815157, "ssim": -0.2262640058344643, "hist": -0.133}, "trial_01": {"mae": 0.6166562402152945, "ssim": -0.18756567539876864, "hist": -0.073}, "trial_02": {"mae": 0.4150421797233497, "ssim": 0.16296376721097502, "hist": 0.176}, "trial_03": {"mae": 0.4509426370840962, "ssim": -0.22608732069478657, "hist": -0.005}, "trial_04": {"mae": 0.3520824096246214, "ssim": 0.13213122896064336, "hist": 0.952}, "trial_05": {"mae": 0.516751956367636, "ssim": 0.08740455471118898, "hist": 0.311}, "trial_06": {"mae": 0.5167750263808826, "ssim": -0.17269591026574097, "hist": -0.122}, "trial_07": {"mae": 0.3428098489922719, "ssim": -0.0752978466918212, "hist": 0.075}, "trial_08": {"mae": 0.5179157302659222, "ssim": 0.08710162618387557, "hist": 0.311}, "trial_09": {"mae": 0.7781057947563613, "ssim": -0.06890901983881942, "hist": -0.135}, "trial_10": {"mae": 0.352000451311062, "ssim": 0.07307150144077455, "hist": 0.714}, "trial_11": {"mae": 0.2770546710447099, "ssim": 0.185143513612091, "hist": 0.963}, "trial_12": {"mae": 0.2873732322106714, "ssim": 0.10566487838700905, "hist": 0.895}, "trial_13": {"mae": 0.30479205548031607, "ssim": 0.1612647854728896, "hist": 0.916}, "trial_14": {"mae": 0.26651452971939527, "ssim": 0.1730362316120919, "hist": 0.953}, "trial_15": {"mae": 0.3100597526699716, "ssim": 0.06542225398484883, "hist": 0.636}, "trial_16": {"mae": 0.5911387146955885, "ssim": -0.17734736169349372, "hist": -0.064}, "trial_17": {"mae": 0.6218544583868751, "ssim": -0.16935770492428845, "hist": -0.028}, "trial_18": {"mae": 0.4801693676044905, "ssim": -0.13338544231920638, "hist": 0.088}, "trial_19": {"mae": 0.33951449941386824, "ssim": -0.03763884292523895, "hist": 0.315}, "trial_20": {"mae": 0.26428195044777797, "ssim": 0.25391738763616595, "hist": 0.971}, "trial_21": {"mae": 0.5487922358655142, "ssim": -0.20383122993251135, "hist": 0.045}, "trial_22": {"mae": 0.38029466389367533, "ssim": 0.17395768092890154, "hist": 0.699}, "trial_23": {"mae": 0.6630071428970539, "ssim": -0.15020917817560356, "hist": -0.111}, "trial_24": {"mae": 0.29842068242281544, "ssim": 0.05587937478246453, "hist": 0.754}, "trial_25": {"mae": 0.4958298592381201, "ssim": -0.10733338152777352, "hist": 0.072}, "trial_26": {"mae": 0.3043483302056369, "ssim": 0.10342892990926716, "hist": 0.857}, "trial_27": {"mae": 0.30170424312765465, "ssim": 0.16960294143145635, "hist": 0.909}, "trial_28": {"mae": 0.4978617459768088, "ssim": -0.2013349522529996, "hist": -0.007}, "trial_29": {"mae": 0.2842466099332738, "ssim": 0.15423035132461882, "hist": 0.925}, "trial_30": {"mae": 0.290192343416884, "ssim": 0.04881925221384398, "hist": 0.79}, "trial_31": {"mae": 0.48112555965492637, "ssim": -0.11122568933112607, "hist": 0.144}, "trial_32": {"mae": 0.679107496653553, "ssim": -0.1447234477120741, "hist": -0.081}, "trial_33": {"mae": 0.2743280359804581, "ssim": 0.18048717273850487, "hist": 0.947}, "trial_34": {"mae": 0.395097893065183, "ssim": -0.22484958682492037, "hist": 0.079}, "trial_35": {"mae": 0.6849418364753597, "ssim": -0.15453268773503875, "hist": -0.123}, "trial_36": {"mae": 0.41573932930619384, "ssim": -0.11146484480526095, "hist": 0.144}, "trial_37": {"mae": 0.505607410462407, "ssim": -0.24175156144374652, "hist": -0.094}, "trial_38": {"mae": 0.3307006212258456, "ssim": 0.04243049190540455, "hist": 0.695}, "trial_39": {"mae": 0.24501467001092478, "ssim": 0.2127293006765863, "hist": 0.984}, "trial_40": {"mae": 0.529516132081131, "ssim": -0.2100621081672458, "hist": 0.045}, "trial_41": {"mae": 0.4512983115137474, "ssim": -0.1323331309208659, "hist": -0.351}, "trial_42": {"mae": 0.3147493058818753, "ssim": 0.08498326971319123, "hist": 0.766}, "trial_43": {"mae": 0.35798189448376855, "ssim": 0.04384387606291636, "hist": 0.789}, "trial_44": {"mae": 0.4945449156372173, "ssim": -0.20821779981484864, "hist": 0.002}, "trial_45": {"mae": 0.6671629317026125, "ssim": -0.08301124466721438, "hist": -0.051}, "trial_46": {"mae": 0.4219616913973265, "ssim": -0.21454033619636445, "hist": -0.05}, "trial_47": {"mae": 0.26547577402081773, "ssim": 0.23186627715081012, "hist": 0.955}, "trial_48": {"mae": 0.2585424706589355, "ssim": 0.18682690365235113, "hist": 0.938}, "trial_49": {"mae": 0.611528971099095, "ssim": -0.1600660664663324, "hist": -0.055}}